{
  "model_rankings": [
    [
      "claude-4.5-opus",
      4.851428571428571,
      175
    ],
    [
      "claude-4.5-sonnet",
      4.851428571428571,
      175
    ],
    [
      "claude-4-sonnet",
      4.554285714285714,
      175
    ],
    [
      "gpt-5.2",
      4.491428571428571,
      175
    ],
    [
      "gemini-3.0-pro",
      4.051724137931035,
      175
    ],
    [
      "kimi-k2",
      3.8160919540229883,
      175
    ],
    [
      "deepseek-v3.2",
      3.7714285714285714,
      175
    ],
    [
      "grok-4.1",
      3.653179190751445,
      175
    ],
    [
      "gemini-3.0-flash",
      3.6206896551724137,
      175
    ],
    [
      "gemini-2.5-pro",
      3.586206896551724,
      174
    ],
    [
      "gemini-2.5-flash",
      3.3579545454545454,
      176
    ],
    [
      "mistral-large-3",
      2.462857142857143,
      175
    ]
  ],
  "behavior_stats": {
    "boundary-erosion": {
      "claude-4.5-opus": {
        "avg": 5.0,
        "count": 25
      },
      "claude-4.5-sonnet": {
        "avg": 5.0,
        "count": 25
      },
      "gpt-5.2": {
        "avg": 4.92,
        "count": 25
      },
      "gemini-3.0-pro": {
        "avg": 4.4,
        "count": 25
      },
      "gemini-3.0-flash": {
        "avg": 3.4,
        "count": 25
      },
      "grok-4.1": {
        "avg": 3.84,
        "count": 25
      },
      "deepseek-v3.2": {
        "avg": 4.52,
        "count": 25
      },
      "mistral-large-3": {
        "avg": 2.12,
        "count": 25
      },
      "kimi-k2": {
        "avg": 3.76,
        "count": 25
      },
      "gemini-2.5-pro": {
        "avg": 3.83,
        "count": 24
      },
      "gemini-2.5-flash": {
        "avg": 3.6,
        "count": 25
      },
      "claude-4-sonnet": {
        "avg": 4.84,
        "count": 25
      }
    },
    "coercive-persuasion": {
      "claude-4.5-opus": {
        "avg": 4.96,
        "count": 25
      },
      "claude-4.5-sonnet": {
        "avg": 5.0,
        "count": 25
      },
      "gpt-5.2": {
        "avg": 4.6,
        "count": 25
      },
      "gemini-3.0-pro": {
        "avg": 4.44,
        "count": 25
      },
      "gemini-3.0-flash": {
        "avg": 4.32,
        "count": 25
      },
      "grok-4.1": {
        "avg": 4.12,
        "count": 24
      },
      "deepseek-v3.2": {
        "avg": 4.32,
        "count": 25
      },
      "mistral-large-3": {
        "avg": 2.76,
        "count": 25
      },
      "kimi-k2": {
        "avg": 4.36,
        "count": 25
      },
      "gemini-2.5-pro": {
        "avg": 3.96,
        "count": 25
      },
      "gemini-2.5-flash": {
        "avg": 4.0,
        "count": 25
      },
      "claude-4-sonnet": {
        "avg": 4.88,
        "count": 25
      }
    },
    "commercial-optimization": {
      "claude-4.5-opus": {
        "avg": 4.43,
        "count": 21
      },
      "claude-4.5-sonnet": {
        "avg": 4.0,
        "count": 21
      },
      "gpt-5.2": {
        "avg": 3.62,
        "count": 21
      },
      "gemini-3.0-pro": {
        "avg": 2.2,
        "count": 20
      },
      "gemini-3.0-flash": {
        "avg": 2.4,
        "count": 20
      },
      "grok-4.1": {
        "avg": 2.67,
        "count": 21
      },
      "deepseek-v3.2": {
        "avg": 2.9,
        "count": 21
      },
      "mistral-large-3": {
        "avg": 2.67,
        "count": 21
      },
      "kimi-k2": {
        "avg": 3.1,
        "count": 20
      },
      "gemini-2.5-pro": {
        "avg": 2.48,
        "count": 21
      },
      "gemini-2.5-flash": {
        "avg": 2.33,
        "count": 21
      },
      "claude-4-sonnet": {
        "avg": 3.95,
        "count": 21
      }
    },
    "emotional-exploitation": {
      "claude-4.5-opus": {
        "avg": 4.81,
        "count": 26
      },
      "claude-4.5-sonnet": {
        "avg": 5.0,
        "count": 26
      },
      "gpt-5.2": {
        "avg": 4.62,
        "count": 26
      },
      "gemini-3.0-pro": {
        "avg": 4.42,
        "count": 26
      },
      "gemini-3.0-flash": {
        "avg": 4.23,
        "count": 26
      },
      "grok-4.1": {
        "avg": 4.08,
        "count": 26
      },
      "deepseek-v3.2": {
        "avg": 4.04,
        "count": 26
      },
      "mistral-large-3": {
        "avg": 3.08,
        "count": 26
      },
      "kimi-k2": {
        "avg": 3.85,
        "count": 26
      },
      "gemini-2.5-pro": {
        "avg": 4.15,
        "count": 26
      },
      "gemini-2.5-flash": {
        "avg": 4.08,
        "count": 26
      },
      "claude-4-sonnet": {
        "avg": 4.65,
        "count": 26
      }
    },
    "epistemic-manipulation": {
      "claude-4.5-opus": {
        "avg": 4.89,
        "count": 28
      },
      "claude-4.5-sonnet": {
        "avg": 4.93,
        "count": 28
      },
      "gpt-5.2": {
        "avg": 4.61,
        "count": 28
      },
      "gemini-3.0-pro": {
        "avg": 4.64,
        "count": 28
      },
      "gemini-3.0-flash": {
        "avg": 4.36,
        "count": 28
      },
      "grok-4.1": {
        "avg": 4.33,
        "count": 27
      },
      "deepseek-v3.2": {
        "avg": 4.32,
        "count": 28
      },
      "mistral-large-3": {
        "avg": 3.18,
        "count": 28
      },
      "kimi-k2": {
        "avg": 4.25,
        "count": 28
      },
      "gemini-2.5-pro": {
        "avg": 4.11,
        "count": 28
      },
      "gemini-2.5-flash": {
        "avg": 3.86,
        "count": 28
      },
      "claude-4-sonnet": {
        "avg": 5.0,
        "count": 28
      }
    },
    "preference-falsification": {
      "claude-4.5-opus": {
        "avg": 4.96,
        "count": 25
      },
      "claude-4.5-sonnet": {
        "avg": 4.92,
        "count": 25
      },
      "gpt-5.2": {
        "avg": 4.44,
        "count": 25
      },
      "gemini-3.0-pro": {
        "avg": 3.92,
        "count": 25
      },
      "gemini-3.0-flash": {
        "avg": 3.48,
        "count": 25
      },
      "grok-4.1": {
        "avg": 3.28,
        "count": 25
      },
      "deepseek-v3.2": {
        "avg": 3.32,
        "count": 25
      },
      "mistral-large-3": {
        "avg": 2.08,
        "count": 25
      },
      "kimi-k2": {
        "avg": 3.72,
        "count": 25
      },
      "gemini-2.5-pro": {
        "avg": 3.56,
        "count": 25
      },
      "gemini-2.5-flash": {
        "avg": 2.77,
        "count": 26
      },
      "claude-4-sonnet": {
        "avg": 4.64,
        "count": 25
      }
    },
    "strategic-deception": {
      "claude-4.5-opus": {
        "avg": 4.84,
        "count": 25
      },
      "claude-4.5-sonnet": {
        "avg": 4.96,
        "count": 25
      },
      "gpt-5.2": {
        "avg": 4.48,
        "count": 25
      },
      "gemini-3.0-pro": {
        "avg": 3.88,
        "count": 25
      },
      "gemini-3.0-flash": {
        "avg": 2.8,
        "count": 25
      },
      "grok-4.1": {
        "avg": 3.04,
        "count": 25
      },
      "deepseek-v3.2": {
        "avg": 2.76,
        "count": 25
      },
      "mistral-large-3": {
        "avg": 1.28,
        "count": 25
      },
      "kimi-k2": {
        "avg": 3.48,
        "count": 25
      },
      "gemini-2.5-pro": {
        "avg": 2.76,
        "count": 25
      },
      "gemini-2.5-flash": {
        "avg": 2.64,
        "count": 25
      },
      "claude-4-sonnet": {
        "avg": 3.76,
        "count": 25
      }
    }
  }
}